transaction_id,sender_id,receiver_id,amount,timestamp
TXN_M_0,ACC_0000,ACC_MERCHANT_999,952,2024-02-01 09:00:00
TXN_M_1,ACC_0001,ACC_MERCHANT_999,812,2024-02-01 09:05:00
TXN_M_2,ACC_0002,ACC_MERCHANT_999,301,2024-02-01 09:10:00
TXN_M_3,ACC_0003,ACC_MERCHANT_999,1130,2024-02-01 09:15:00
TXN_M_4,ACC_0004,ACC_MERCHANT_999,1381,2024-02-01 09:20:00
TXN_M_5,ACC_0005,ACC_MERCHANT_999,1466,2024-02-01 09:25:00
TXN_M_6,ACC_0006,ACC_MERCHANT_999,1333,2024-02-01 09:30:00
TXN_M_7,ACC_0007,ACC_MERCHANT_999,599,2024-02-01 09:35:00
TXN_M_8,ACC_0008,ACC_MERCHANT_999,1145,2024-02-01 09:40:00
TXN_M_9,ACC_0009,ACC_MERCHANT_999,1017,2024-02-01 09:45:00
TXN_M_10,ACC_0010,ACC_MERCHANT_999,1055,2024-02-01 09:50:00
TXN_M_11,ACC_0011,ACC_MERCHANT_999,710,2024-02-01 09:55:00
TXN_M_12,ACC_0012,ACC_MERCHANT_999,1289,2024-02-01 10:00:00
TXN_M_13,ACC_0013,ACC_MERCHANT_999,1145,2024-02-01 10:05:00
TXN_M_14,ACC_0014,ACC_MERCHANT_999,345,2024-02-01 10:10:00
TXN_M_15,ACC_0015,ACC_MERCHANT_999,546,2024-02-01 10:15:00
TXN_M_16,ACC_0016,ACC_MERCHANT_999,862,2024-02-01 10:20:00
TXN_M_17,ACC_0017,ACC_MERCHANT_999,225,2024-02-01 10:25:00
TXN_M_18,ACC_0018,ACC_MERCHANT_999,655,2024-02-01 10:30:00
TXN_M_19,ACC_0019,ACC_MERCHANT_999,578,2024-02-01 10:35:00
TXN_M_20,ACC_0020,ACC_MERCHANT_999,1154,2024-02-01 10:40:00
TXN_M_21,ACC_0021,ACC_MERCHANT_999,1488,2024-02-01 10:45:00
TXN_M_22,ACC_0022,ACC_MERCHANT_999,731,2024-02-01 10:50:00
TXN_M_23,ACC_0023,ACC_MERCHANT_999,354,2024-02-01 10:55:00
TXN_M_24,ACC_0024,ACC_MERCHANT_999,379,2024-02-01 11:00:00
TXN_M_25,ACC_0025,ACC_MERCHANT_999,1413,2024-02-01 11:05:00
TXN_M_26,ACC_0026,ACC_MERCHANT_999,1153,2024-02-01 11:10:00
TXN_M_27,ACC_0027,ACC_MERCHANT_999,916,2024-02-01 11:15:00
TXN_M_28,ACC_0028,ACC_MERCHANT_999,739,2024-02-01 11:20:00
TXN_M_29,ACC_0029,ACC_MERCHANT_999,1354,2024-02-01 11:25:00
TXN_M_30,ACC_0030,ACC_MERCHANT_999,656,2024-02-01 11:30:00
TXN_M_31,ACC_0031,ACC_MERCHANT_999,1182,2024-02-01 11:35:00
TXN_M_32,ACC_0032,ACC_MERCHANT_999,1071,2024-02-01 11:40:00
TXN_M_33,ACC_0033,ACC_MERCHANT_999,1115,2024-02-01 11:45:00
TXN_M_34,ACC_0034,ACC_MERCHANT_999,448,2024-02-01 11:50:00
TXN_M_35,ACC_0035,ACC_MERCHANT_999,1435,2024-02-01 11:55:00
TXN_M_36,ACC_0036,ACC_MERCHANT_999,823,2024-02-01 12:00:00
TXN_M_37,ACC_0037,ACC_MERCHANT_999,479,2024-02-01 12:05:00
TXN_M_38,ACC_0038,ACC_MERCHANT_999,1497,2024-02-01 12:10:00
TXN_M_39,ACC_0039,ACC_MERCHANT_999,227,2024-02-01 12:15:00
TXN_M_40,ACC_0040,ACC_MERCHANT_999,525,2024-02-01 12:20:00
TXN_M_41,ACC_0041,ACC_MERCHANT_999,1360,2024-02-01 12:25:00
TXN_M_42,ACC_0042,ACC_MERCHANT_999,1360,2024-02-01 12:30:00
TXN_M_43,ACC_0043,ACC_MERCHANT_999,362,2024-02-01 12:35:00
TXN_M_44,ACC_0044,ACC_MERCHANT_999,969,2024-02-01 12:40:00
TXN_M_45,ACC_0045,ACC_MERCHANT_999,447,2024-02-01 12:45:00
TXN_M_46,ACC_0046,ACC_MERCHANT_999,1314,2024-02-01 12:50:00
TXN_M_47,ACC_0047,ACC_MERCHANT_999,775,2024-02-01 12:55:00
TXN_M_48,ACC_0048,ACC_MERCHANT_999,717,2024-02-01 13:00:00
TXN_M_49,ACC_0049,ACC_MERCHANT_999,578,2024-02-01 13:05:00
TXN_M_50,ACC_0050,ACC_MERCHANT_999,921,2024-02-01 13:10:00
TXN_M_51,ACC_0051,ACC_MERCHANT_999,512,2024-02-01 13:15:00
TXN_M_52,ACC_0052,ACC_MERCHANT_999,623,2024-02-01 13:20:00
TXN_M_53,ACC_0053,ACC_MERCHANT_999,340,2024-02-01 13:25:00
TXN_M_54,ACC_0054,ACC_MERCHANT_999,469,2024-02-01 13:30:00
TXN_M_55,ACC_0055,ACC_MERCHANT_999,1470,2024-02-01 13:35:00
TXN_M_56,ACC_0056,ACC_MERCHANT_999,1198,2024-02-01 13:40:00
TXN_M_57,ACC_0057,ACC_MERCHANT_999,637,2024-02-01 13:45:00
TXN_M_58,ACC_0058,ACC_MERCHANT_999,853,2024-02-01 13:50:00
TXN_M_59,ACC_0059,ACC_MERCHANT_999,1096,2024-02-01 13:55:00
TXN_M_60,ACC_0060,ACC_MERCHANT_999,348,2024-02-01 14:00:00
TXN_M_61,ACC_0061,ACC_MERCHANT_999,967,2024-02-01 14:05:00
TXN_M_62,ACC_0062,ACC_MERCHANT_999,878,2024-02-01 14:10:00
TXN_M_63,ACC_0063,ACC_MERCHANT_999,1275,2024-02-01 14:15:00
TXN_M_64,ACC_0064,ACC_MERCHANT_999,1094,2024-02-01 14:20:00
TXN_M_65,ACC_0065,ACC_MERCHANT_999,1443,2024-02-01 14:25:00
TXN_M_66,ACC_0066,ACC_MERCHANT_999,1459,2024-02-01 14:30:00
TXN_M_67,ACC_0067,ACC_MERCHANT_999,1414,2024-02-01 14:35:00
TXN_M_68,ACC_0068,ACC_MERCHANT_999,1106,2024-02-01 14:40:00
TXN_M_69,ACC_0069,ACC_MERCHANT_999,976,2024-02-01 14:45:00
TXN_M_70,ACC_0070,ACC_MERCHANT_999,275,2024-02-01 14:50:00
TXN_M_71,ACC_0071,ACC_MERCHANT_999,389,2024-02-01 14:55:00
TXN_M_72,ACC_0072,ACC_MERCHANT_999,821,2024-02-01 15:00:00
TXN_M_73,ACC_0073,ACC_MERCHANT_999,322,2024-02-01 15:05:00
TXN_M_74,ACC_0074,ACC_MERCHANT_999,796,2024-02-01 15:10:00
TXN_M_75,ACC_0075,ACC_MERCHANT_999,540,2024-02-01 15:15:00
TXN_M_76,ACC_0076,ACC_MERCHANT_999,267,2024-02-01 15:20:00
TXN_M_77,ACC_0077,ACC_MERCHANT_999,1441,2024-02-01 15:25:00
TXN_M_78,ACC_0078,ACC_MERCHANT_999,645,2024-02-01 15:30:00
TXN_M_79,ACC_0079,ACC_MERCHANT_999,492,2024-02-01 15:35:00
TXN_M_80,ACC_0080,ACC_MERCHANT_999,1135,2024-02-01 15:40:00
TXN_M_81,ACC_0081,ACC_MERCHANT_999,1461,2024-02-01 15:45:00
TXN_M_82,ACC_0082,ACC_MERCHANT_999,334,2024-02-01 15:50:00
TXN_M_83,ACC_0083,ACC_MERCHANT_999,1184,2024-02-01 15:55:00
TXN_M_84,ACC_0084,ACC_MERCHANT_999,644,2024-02-01 16:00:00
TXN_M_85,ACC_0085,ACC_MERCHANT_999,1448,2024-02-01 16:05:00
TXN_M_86,ACC_0086,ACC_MERCHANT_999,1424,2024-02-01 16:10:00
TXN_M_87,ACC_0087,ACC_MERCHANT_999,772,2024-02-01 16:15:00
TXN_M_88,ACC_0088,ACC_MERCHANT_999,919,2024-02-01 16:20:00
TXN_M_89,ACC_0089,ACC_MERCHANT_999,374,2024-02-01 16:25:00
TXN_M_90,ACC_0090,ACC_MERCHANT_999,1229,2024-02-01 16:30:00
TXN_M_91,ACC_0091,ACC_MERCHANT_999,238,2024-02-01 16:35:00
TXN_M_92,ACC_0092,ACC_MERCHANT_999,335,2024-02-01 16:40:00
TXN_M_93,ACC_0093,ACC_MERCHANT_999,561,2024-02-01 16:45:00
TXN_M_94,ACC_0094,ACC_MERCHANT_999,700,2024-02-01 16:50:00
TXN_M_95,ACC_0095,ACC_MERCHANT_999,1017,2024-02-01 16:55:00
TXN_M_96,ACC_0096,ACC_MERCHANT_999,1414,2024-02-01 17:00:00
TXN_M_97,ACC_0097,ACC_MERCHANT_999,328,2024-02-01 17:05:00
TXN_M_98,ACC_0098,ACC_MERCHANT_999,701,2024-02-01 17:10:00
TXN_M_99,ACC_0099,ACC_MERCHANT_999,1154,2024-02-01 17:15:00
TXN_M_100,ACC_0100,ACC_MERCHANT_999,1023,2024-02-01 17:20:00
TXN_M_101,ACC_0101,ACC_MERCHANT_999,1094,2024-02-01 17:25:00
TXN_M_102,ACC_0102,ACC_MERCHANT_999,839,2024-02-01 17:30:00
TXN_M_103,ACC_0103,ACC_MERCHANT_999,1019,2024-02-01 17:35:00
TXN_M_104,ACC_0104,ACC_MERCHANT_999,1398,2024-02-01 17:40:00
TXN_M_105,ACC_0105,ACC_MERCHANT_999,461,2024-02-01 17:45:00
TXN_M_106,ACC_0106,ACC_MERCHANT_999,827,2024-02-01 17:50:00
TXN_M_107,ACC_0107,ACC_MERCHANT_999,1361,2024-02-01 17:55:00
TXN_M_108,ACC_0108,ACC_MERCHANT_999,1446,2024-02-01 18:00:00
TXN_M_109,ACC_0109,ACC_MERCHANT_999,603,2024-02-01 18:05:00
TXN_M_110,ACC_0110,ACC_MERCHANT_999,1201,2024-02-01 18:10:00
TXN_M_111,ACC_0111,ACC_MERCHANT_999,1438,2024-02-01 18:15:00
TXN_M_112,ACC_0112,ACC_MERCHANT_999,508,2024-02-01 18:20:00
TXN_M_113,ACC_0113,ACC_MERCHANT_999,500,2024-02-01 18:25:00
TXN_M_114,ACC_0114,ACC_MERCHANT_999,1074,2024-02-01 18:30:00
TXN_M_115,ACC_0115,ACC_MERCHANT_999,1460,2024-02-01 18:35:00
TXN_M_116,ACC_0116,ACC_MERCHANT_999,480,2024-02-01 18:40:00
TXN_M_117,ACC_0117,ACC_MERCHANT_999,214,2024-02-01 18:45:00
TXN_M_118,ACC_0118,ACC_MERCHANT_999,999,2024-02-01 18:50:00
TXN_M_119,ACC_0119,ACC_MERCHANT_999,847,2024-02-01 18:55:00
TXN_M_120,ACC_0120,ACC_MERCHANT_999,1250,2024-02-01 19:00:00
TXN_M_121,ACC_0121,ACC_MERCHANT_999,437,2024-02-01 19:05:00
TXN_M_122,ACC_0122,ACC_MERCHANT_999,1230,2024-02-01 19:10:00
TXN_M_123,ACC_0123,ACC_MERCHANT_999,561,2024-02-01 19:15:00
TXN_M_124,ACC_0124,ACC_MERCHANT_999,750,2024-02-01 19:20:00
TXN_M_125,ACC_0125,ACC_MERCHANT_999,1031,2024-02-01 19:25:00
TXN_M_126,ACC_0126,ACC_MERCHANT_999,1210,2024-02-01 19:30:00
TXN_M_127,ACC_0127,ACC_MERCHANT_999,803,2024-02-01 19:35:00
TXN_M_128,ACC_0128,ACC_MERCHANT_999,1480,2024-02-01 19:40:00
TXN_M_129,ACC_0129,ACC_MERCHANT_999,570,2024-02-01 19:45:00
TXN_M_130,ACC_0130,ACC_MERCHANT_999,1394,2024-02-01 19:50:00
TXN_M_131,ACC_0131,ACC_MERCHANT_999,1112,2024-02-01 19:55:00
TXN_M_132,ACC_0132,ACC_MERCHANT_999,1043,2024-02-01 20:00:00
TXN_M_133,ACC_0133,ACC_MERCHANT_999,585,2024-02-01 20:05:00
TXN_M_134,ACC_0134,ACC_MERCHANT_999,1256,2024-02-01 20:10:00
TXN_M_135,ACC_0135,ACC_MERCHANT_999,1187,2024-02-01 20:15:00
TXN_M_136,ACC_0136,ACC_MERCHANT_999,701,2024-02-01 20:20:00
TXN_M_137,ACC_0137,ACC_MERCHANT_999,681,2024-02-01 20:25:00
TXN_M_138,ACC_0138,ACC_MERCHANT_999,531,2024-02-01 20:30:00
TXN_M_139,ACC_0139,ACC_MERCHANT_999,1153,2024-02-01 20:35:00
TXN_M_140,ACC_0140,ACC_MERCHANT_999,263,2024-02-01 20:40:00
TXN_M_141,ACC_0141,ACC_MERCHANT_999,549,2024-02-01 20:45:00
TXN_M_142,ACC_0142,ACC_MERCHANT_999,1369,2024-02-01 20:50:00
TXN_M_143,ACC_0143,ACC_MERCHANT_999,423,2024-02-01 20:55:00
TXN_M_144,ACC_0144,ACC_MERCHANT_999,201,2024-02-01 21:00:00
TXN_M_145,ACC_0145,ACC_MERCHANT_999,1133,2024-02-01 21:05:00
TXN_M_146,ACC_0146,ACC_MERCHANT_999,1408,2024-02-01 21:10:00
TXN_M_147,ACC_0147,ACC_MERCHANT_999,1371,2024-02-01 21:15:00
TXN_M_148,ACC_0148,ACC_MERCHANT_999,1261,2024-02-01 21:20:00
TXN_M_149,ACC_0149,ACC_MERCHANT_999,591,2024-02-01 21:25:00
TXN_M_150,ACC_0150,ACC_MERCHANT_999,378,2024-02-01 21:30:00
TXN_M_151,ACC_0151,ACC_MERCHANT_999,363,2024-02-01 21:35:00
TXN_M_152,ACC_0152,ACC_MERCHANT_999,829,2024-02-01 21:40:00
TXN_M_153,ACC_0153,ACC_MERCHANT_999,300,2024-02-01 21:45:00
TXN_M_154,ACC_0154,ACC_MERCHANT_999,1062,2024-02-01 21:50:00
TXN_M_155,ACC_0155,ACC_MERCHANT_999,981,2024-02-01 21:55:00
TXN_M_156,ACC_0156,ACC_MERCHANT_999,776,2024-02-01 22:00:00
TXN_M_157,ACC_0157,ACC_MERCHANT_999,517,2024-02-01 22:05:00
TXN_M_158,ACC_0158,ACC_MERCHANT_999,940,2024-02-01 22:10:00
TXN_M_159,ACC_0159,ACC_MERCHANT_999,229,2024-02-01 22:15:00
TXN_M_160,ACC_0160,ACC_MERCHANT_999,719,2024-02-01 22:20:00
TXN_M_161,ACC_0161,ACC_MERCHANT_999,1063,2024-02-01 22:25:00
TXN_M_162,ACC_0162,ACC_MERCHANT_999,624,2024-02-01 22:30:00
TXN_M_163,ACC_0163,ACC_MERCHANT_999,883,2024-02-01 22:35:00
TXN_M_164,ACC_0164,ACC_MERCHANT_999,1496,2024-02-01 22:40:00
TXN_M_165,ACC_0165,ACC_MERCHANT_999,1053,2024-02-01 22:45:00
TXN_M_166,ACC_0166,ACC_MERCHANT_999,895,2024-02-01 22:50:00
TXN_M_167,ACC_0167,ACC_MERCHANT_999,1174,2024-02-01 22:55:00
TXN_M_168,ACC_0168,ACC_MERCHANT_999,1091,2024-02-01 23:00:00
TXN_M_169,ACC_0169,ACC_MERCHANT_999,1167,2024-02-01 23:05:00
TXN_M_170,ACC_0170,ACC_MERCHANT_999,900,2024-02-01 23:10:00
TXN_M_171,ACC_0171,ACC_MERCHANT_999,1346,2024-02-01 23:15:00
TXN_M_172,ACC_0172,ACC_MERCHANT_999,1267,2024-02-01 23:20:00
TXN_M_173,ACC_0173,ACC_MERCHANT_999,1167,2024-02-01 23:25:00
TXN_M_174,ACC_0174,ACC_MERCHANT_999,1038,2024-02-01 23:30:00
TXN_M_175,ACC_0175,ACC_MERCHANT_999,1117,2024-02-01 23:35:00
TXN_M_176,ACC_0176,ACC_MERCHANT_999,684,2024-02-01 23:40:00
TXN_M_177,ACC_0177,ACC_MERCHANT_999,478,2024-02-01 23:45:00
TXN_M_178,ACC_0178,ACC_MERCHANT_999,944,2024-02-01 23:50:00
TXN_M_179,ACC_0179,ACC_MERCHANT_999,830,2024-02-01 23:55:00
TXN_M_180,ACC_0180,ACC_MERCHANT_999,1496,2024-02-02 00:00:00
TXN_M_181,ACC_0181,ACC_MERCHANT_999,293,2024-02-02 00:05:00
TXN_M_182,ACC_0182,ACC_MERCHANT_999,740,2024-02-02 00:10:00
TXN_M_183,ACC_0183,ACC_MERCHANT_999,982,2024-02-02 00:15:00
TXN_M_184,ACC_0184,ACC_MERCHANT_999,357,2024-02-02 00:20:00
TXN_M_185,ACC_0185,ACC_MERCHANT_999,473,2024-02-02 00:25:00
TXN_M_186,ACC_0186,ACC_MERCHANT_999,1457,2024-02-02 00:30:00
TXN_M_187,ACC_0187,ACC_MERCHANT_999,428,2024-02-02 00:35:00
TXN_M_188,ACC_0188,ACC_MERCHANT_999,1072,2024-02-02 00:40:00
TXN_M_189,ACC_0189,ACC_MERCHANT_999,842,2024-02-02 00:45:00
TXN_M_190,ACC_0190,ACC_MERCHANT_999,776,2024-02-02 00:50:00
TXN_M_191,ACC_0191,ACC_MERCHANT_999,272,2024-02-02 00:55:00
TXN_M_192,ACC_0192,ACC_MERCHANT_999,526,2024-02-02 01:00:00
TXN_M_193,ACC_0193,ACC_MERCHANT_999,426,2024-02-02 01:05:00
TXN_M_194,ACC_0194,ACC_MERCHANT_999,1385,2024-02-02 01:10:00
TXN_M_195,ACC_0195,ACC_MERCHANT_999,1102,2024-02-02 01:15:00
TXN_M_196,ACC_0196,ACC_MERCHANT_999,793,2024-02-02 01:20:00
TXN_M_197,ACC_0197,ACC_MERCHANT_999,1194,2024-02-02 01:25:00
TXN_M_198,ACC_0198,ACC_MERCHANT_999,1150,2024-02-02 01:30:00
TXN_M_199,ACC_0199,ACC_MERCHANT_999,885,2024-02-02 01:35:00
